code,tradeStatus,code_name
sh.000001,1,上证综合指数
sh.000003,1,上证B股指数
sh.000005,1,上证商业类指数
sh.000007,1,上证公用事业指数
sh.000009,1,上证380
sh.000011,1,上证基金指数
sh.000013,1,上证企业债指数
sh.000016,1,上证50指数
sh.000018,1,上证180金融股指数
sh.000020,1,上证中型企业综合指数
sh.000022,1,沪公司债
sh.000026,1,上证180资源指数
sh.000028,1,上证180成长指数
sh.000030,1,上证180相对成长指数
sh.000032,1,上证能源行业指数
sh.000034,1,上证工业行业指数
sh.000036,1,上证主要消费行业指数
sh.000038,1,上证金融地产行业指数
sh.000040,1,上证电信业务行业指数
sh.000042,1,上证中央企业50指数
sh.000044,1,上证中盘
sh.000046,1,上证中小
sh.000048,1,责任指数
sh.000050,1,50等权
sh.000052,1,50基本
sh.000054,1,上证海外
sh.000057,1,全指成长
sh.000059,1,全R成长
sh.000061,1,沪企债30
sh.000063,1,上证周期
sh.000065,1,上证龙头
sh.000067,1,上证新兴
sh.000069,1,消费80
sh.000071,1,材料等权
sh.000073,1,可选等权
sh.000075,1,医药等权
sh.000077,1,信息等权
sh.000079,1,公用等权
sh.000091,1,沪财中小
sh.000093,1,180分层
sh.000095,1,上证中游
sh.000097,1,高端装备
sh.000099,1,上证F300
sh.000101,1,上证5年期信用债指数
sh.000103,1,沪消费品
sh.000105,1,380材料
sh.000107,1,380可选
sh.000109,1,380医药
sh.000111,1,380信息
sh.000113,1,380公用
sh.000115,1,380等权
sh.000117,1,380成长
sh.000119,1,380R成长
sh.000121,1,医药主题
sh.000123,1,上证180动态指数
sh.000126,1,消费50
sh.000129,1,180波动
sh.000131,1,上证高新
sh.000133,1,上证150
sh.000135,1,上证180高贝塔指数
sh.000137,1,上证380高贝塔指数
sh.000139,1,上证可转换债券指数
sh.000142,1,上证380稳定指数
sh.000146,1,上证优势制造产业指数
sh.000148,1,上证消费服务领先指数
sh.000150,1,上证380红利指数
sh.000152,1,上证中央企业红利指数
sh.000155,1,上证市值百强指数
sh.000159,1,上证沪股通指数
sh.000161,1,上证中国制造2025主题指数
sh.000300,1,沪深300指数
sh.000805,1,A股资源
sh.000807,1,食品饮料
sh.000814,1,细分医药
sh.000819,1,有色金属
sh.000823,1,中证800有色
sh.000828,1,沪深300高贝塔指数
sh.000833,1,中证1-7年中高收益企债指数
sh.000842,1,中证800等权重指数
sh.000847,1,中证腾讯济安价值100A股指数
sh.000851,1,百发100指数
sh.000853,1,中证申万一带一路主题投资指数
sh.000855,1,央视财经500指数
sh.000857,1,中证500医药卫生指数
sh.000901,1,中证南方小康产业指数
sh.000904,1,中证200指数
sh.000906,1,中证800指数
sh.000909,1,沪深300原材料(一级行业)指数
sh.000911,1,沪深300可选消费指数
sh.000913,1,沪深300医药卫生指数
sh.000917,1,沪深300公用事业(一级行业)指数
sh.000919,1,沪深300价值指数
sh.000925,1,中证锐联基本面50指数
sh.000931,1,中证可选消费指数
sh.000933,1,中证医药卫生指数
sh.000935,1,中证信息技术指数
sh.000940,1,中证财富大盘指数
sh.000950,1,沪深300基建主题指数
sh.000952,1,沪深300地产指数
sh.000958,1,中证创业成长指数
sh.000961,1,中证上游资源产业指数
sh.000964,1,中证新兴产业指数
sh.000969,1,沪深300非周期行业指数
sh.000974,1,中证800金融
sh.000977,1,中证内地低碳经济主题指数
sh.000979,1,中证大宗商品股票指数
sh.000983,1,智能资产
sh.000986,1,全指能源
sh.000989,1,全指可选
sh.000991,1,全指医药
sh.000993,1,全指信息
sh.600000,1,浦发银行
sh.600006,1,东风汽车
sh.600008,1,首创股份
sh.600010,1,包钢股份
sh.600012,1,皖通高速
sh.600016,1,民生银行
sh.600018,1,上港集团
sh.600020,1,中原高速
sh.600022,1,山东钢铁
sh.600025,1,华能水电
sh.600027,1,华电国际
sh.600029,1,南方航空
sh.600031,1,三一重工
sh.600035,1,楚天高速
sh.600037,1,歌华有线
sh.600039,1,四川路桥
sh.600050,1,中国联通
sh.600052,1,浙江广厦
sh.600054,1,黄山旅游
sh.600056,1,中国医药
sh.600058,1,五矿发展
sh.600060,1,海信视像
sh.600062,1,华润双鹤
sh.600064,1,南京高科
sh.600067,1,冠城大通
sh.600070,1,浙江富润
sh.600072,1,中船科技
sh.600075,1,新疆天业
sh.600077,1,宋都股份
sh.600079,1,人福医药
sh.600081,1,东风科技
sh.600083,1,*ST博信
sh.600085,1,同仁堂
sh.600088,1,中视传媒
sh.600090,1,*ST济堂
sh.600093,1,易见股份
sh.600095,1,哈高科
sh.600097,1,开创国际
sh.600099,1,林海股份
sh.600101,1,明星电力
sh.600104,1,上汽集团
sh.600106,1,重庆路桥
sh.600108,1,亚盛集团
sh.600110,1,诺德股份
sh.600112,1,ST天成
sh.600114,1,东睦股份
sh.600116,1,三峡水利
sh.600118,1,中国卫星
sh.600120,1,浙江东方
sh.600122,1,*ST宏图
sh.600125,1,铁龙物流
sh.600127,1,金健米业
sh.600129,1,太极集团
sh.600131,1,国网信通
sh.600133,1,东湖高新
sh.600136,1,当代文体
sh.600138,1,中青旅
sh.600141,1,兴发集团
sh.600145,1,*ST新亿
sh.600148,1,长春一东
sh.600150,1,中国船舶
sh.600152,1,维科技术
sh.600155,1,华创阳安
sh.600157,1,永泰能源
sh.600159,1,大龙地产
sh.600161,1,天坛生物
sh.600163,1,中闽能源
sh.600166,1,福田汽车
sh.600168,1,武汉控股
sh.600170,1,上海建工
sh.600172,1,黄河旋风
sh.600176,1,中国巨石
sh.600178,1,东安动力
sh.600180,1,瑞茂通
sh.600183,1,生益科技
sh.600185,1,格力地产
sh.600187,1,国中水务
sh.600189,1,吉林森工
sh.600191,1,华资实业
sh.600193,1,ST创兴
sh.600196,1,复星医药
sh.600198,1,大唐电信
sh.600200,1,江苏吴中
sh.600202,1,哈空调
sh.600206,1,有研新材
sh.600208,1,新湖中宝
sh.600210,1,紫江企业
sh.600212,1,*ST江泉
sh.600215,1,*ST经开
sh.600217,1,中再资环
sh.600219,1,南山铝业
sh.600221,1,海航控股
sh.600223,1,鲁商发展
sh.600226,1,*ST瀚叶
sh.600228,1,ST昌九
sh.600230,1,沧州大化
sh.600232,1,金鹰股份
sh.600234,1,ST山水
sh.600236,1,桂冠电力
sh.600238,1,ST椰岛
sh.600241,1,*ST时万
sh.600243,1,*ST海华
sh.600247,1,*ST成城
sh.600249,1,两面针
sh.600251,1,冠农股份
sh.600255,1,*ST梦舟
sh.600257,1,大湖股份
sh.600259,1,广晟有色
sh.600261,1,阳光照明
sh.600265,1,ST景谷
sh.600267,1,海正药业
sh.600269,1,赣粤高速
sh.600272,1,开开实业
sh.600275,1,ST昌鱼
sh.600277,1,亿利洁能
sh.600279,1,重庆港九
sh.600281,1,太化股份
sh.600283,1,钱江水利
sh.600285,1,羚锐制药
sh.600288,1,大恒科技
sh.600290,1,*ST华仪
sh.600292,1,远达环保
sh.600295,1,鄂尔多斯
sh.600298,1,安琪酵母
sh.600300,1,维维股份
sh.600302,1,标准股份
sh.600305,1,恒顺醋业
sh.600307,1,酒钢宏兴
sh.600309,1,万华化学
sh.600311,1,*ST荣华
sh.600313,1,农发种业
sh.600316,1,洪都航空
sh.600318,1,新力金融
sh.600320,1,振华重工
sh.600322,1,天房发展
sh.600325,1,华发股份
sh.600327,1,大东方
sh.600329,1,中新药业
sh.600331,1,宏达股份
sh.600333,1,长春燃气
sh.600336,1,澳柯玛
sh.600338,1,西藏珠峰
sh.600340,1,华夏幸福
sh.600345,1,长江通信
sh.600348,1,阳泉煤业
sh.600351,1,亚宝药业
sh.600353,1,旭光电子
sh.600355,1,精伦电子
sh.600358,1,*ST联合
sh.600360,1,华微电子
sh.600362,1,江西铜业
sh.600365,1,ST通葡
sh.600367,1,红星发展
sh.600369,1,西南证券
sh.600371,1,万向德农
sh.600373,1,中文传媒
sh.600376,1,首开股份
sh.600378,1,昊华科技
sh.600380,1,健康元
sh.600382,1,广东明珠
sh.600385,1,ST金泰
sh.600387,1,海越能源
sh.600389,1,江山股份
sh.600391,1,航发科技
sh.600393,1,粤泰股份
sh.600396,1,金山股份
sh.600398,1,海澜之家
sh.600400,1,红豆股份
sh.600405,1,动力源
sh.600408,1,ST安泰
sh.600410,1,华胜天成
sh.600416,1,*ST湘电
sh.600419,1,天润乳业
sh.600421,1,ST仰帆
sh.600423,1,ST柳化
sh.600426,1,华鲁恒升
sh.600429,1,三元股份
sh.600435,1,北方导航
sh.600438,1,通威股份
sh.600444,1,国机通用
sh.600448,1,华纺股份
sh.600452,1,涪陵电力
sh.600456,1,宝钛股份
sh.600459,1,贵研铂业
sh.600461,1,洪城水业
sh.600463,1,空港股份
sh.600467,1,好当家
sh.600469,1,风神股份
sh.600475,1,华光环能
sh.600477,1,杭萧钢构
sh.600479,1,千金药业
sh.600481,1,双良节能
sh.600483,1,福能股份
sh.600486,1,扬农化工
sh.600488,1,天药股份
sh.600490,1,鹏欣资源
sh.600493,1,凤竹纺织
sh.600496,1,精工钢构
sh.600498,1,烽火通信
sh.600500,1,中化国际
sh.600502,1,安徽建工
sh.600505,1,西昌电力
sh.600507,1,方大特钢
sh.600509,1,天富能源
sh.600511,1,国药股份
sh.600513,1,联环药业
sh.600516,1,方大炭素
sh.600518,1,ST康美
sh.600520,1,文一科技
sh.600522,1,中天科技
sh.600525,1,长园集团
sh.600527,1,江南高纤
sh.600529,1,山东药玻
sh.600531,1,豫光金铅
sh.600533,1,栖霞建设
sh.600536,1,中国软件
sh.600538,1,国发股份
sh.600540,1,新赛股份
sh.600545,1,卓郎智能
sh.600547,0,山东黄金
sh.600549,1,厦门钨业
sh.600551,1,时代出版
sh.600555,1,*ST海创
sh.600557,1,康缘药业
sh.600559,1,老白干酒
sh.600561,1,江西长运
sh.600563,1,法拉电子
sh.600566,1,济川药业
sh.600568,1,*ST中珠
sh.600570,1,恒生电子
sh.600572,1,康恩贝
sh.600575,1,淮河能源
sh.600577,1,精达股份
sh.600579,1,克劳斯
sh.600581,1,八一钢铁
sh.600583,1,海油工程
sh.600585,1,海螺水泥
sh.600587,1,新华医疗
sh.600589,1,广东榕泰
sh.600592,1,龙溪股份
sh.600594,1,益佰制药
sh.600596,1,新安股份
sh.600598,1,北大荒
sh.600600,1,青岛啤酒
sh.600602,1,云赛智联
sh.600604,1,市北高新
sh.600606,1,绿地控股
sh.600609,1,金杯汽车
sh.600611,1,大众交通
sh.600613,1,神奇制药
sh.600615,1,丰华股份
sh.600617,1,国新能源
sh.600619,1,海立股份
sh.600621,1,华鑫股份
sh.600623,1,华谊集团
sh.600626,1,申达股份
sh.600629,1,华建集团
sh.600633,1,浙数文化
sh.600635,1,大众公用
sh.600637,1,东方明珠
sh.600639,1,浦东金桥
sh.600641,1,万业企业
sh.600643,1,爱建集团
sh.600645,1,中源协和
sh.600648,1,外高桥
sh.600650,1,锦江投资
sh.600652,1,ST游久
sh.600654,1,ST中安
sh.600657,1,信达地产
sh.600660,1,福耀玻璃
sh.600662,1,强生控股
sh.600664,1,哈药股份
sh.600666,1,ST瑞德
sh.600668,1,尖峰集团
sh.600673,1,东阳光
sh.600675,1,中华企业
sh.600677,0,*ST航通
sh.600679,1,上海凤凰
sh.600682,1,南京新百
sh.600684,1,珠江实业
sh.600686,1,金龙汽车
sh.600688,1,上海石化
sh.600690,1,海尔智家
sh.600692,1,亚通股份
sh.600694,1,大商股份
sh.600696,1,ST岩石
sh.600698,1,ST天雁
sh.600701,0,*ST工新
sh.600703,1,三安光电
sh.600705,1,中航资本
sh.600707,1,彩虹股份
sh.600710,1,苏美达
sh.600712,1,南宁百货
sh.600714,1,金瑞矿业
sh.600716,1,凤凰股份
sh.600718,1,东软集团
sh.600720,1,祁连山
sh.600722,1,金牛化工
sh.600724,1,宁波富达
sh.600726,1,华电能源
sh.600728,1,佳都科技
sh.600730,1,中国高科
sh.600732,1,爱旭股份
sh.600734,1,*ST实达
sh.600736,1,苏州高新
sh.600738,1,兰州民百
sh.600740,1,山西焦化
sh.600742,1,一汽富维
sh.600744,1,华银电力
sh.600746,1,江苏索普
sh.600749,1,西藏旅游
sh.600751,1,海航科技
sh.600754,1,锦江酒店
sh.600756,1,浪潮软件
sh.600758,1,辽宁能源
sh.600760,1,中航沈飞
sh.600763,1,通策医疗
sh.600765,1,中航重机
sh.600767,1,ST运盛
sh.600769,1,祥龙电业
sh.600771,1,广誉远
sh.600774,1,汉商集团
sh.600776,1,东方通信
sh.600778,1,友好集团
sh.600780,1,通宝能源
sh.600782,1,新钢股份
sh.600784,1,鲁银投资
sh.600787,1,中储股份
sh.600790,1,轻纺城
sh.600792,1,云煤能源
sh.600794,1,保税科技
sh.600796,1,钱江生化
sh.600798,1,宁波海运
sh.600801,1,华新水泥
sh.600803,1,新奥股份
sh.600805,1,悦达投资
sh.600808,1,马钢股份
sh.600810,1,神马股份
sh.600812,1,华北制药
sh.600815,1,*ST厦工
sh.600817,1,ST宏盛
sh.600819,1,耀皮玻璃
sh.600821,1,*ST劝业
sh.600823,1,世茂股份
sh.600825,1,新华传媒
sh.600827,1,百联股份
sh.600829,1,人民同泰
sh.600831,1,广电网络
sh.600834,1,申通地铁
sh.600836,1,*ST界龙
sh.600838,1,上海九百
sh.600841,1,上柴股份
sh.600844,1,丹化科技
sh.600846,1,同济科技
sh.600848,1,上海临港
sh.600851,1,海欣股份
sh.600854,1,春兰股份
sh.600856,1,*ST中天
sh.600858,1,银座股份
sh.600860,1,*ST京城
sh.600862,1,中航高科
sh.600864,1,哈投股份
sh.600866,1,星湖科技
sh.600868,1,梅雁吉祥
sh.600870,1,ST厦华
sh.600872,1,中炬高新
sh.600874,1,创业环保
sh.600876,1,洛阳玻璃
sh.600879,1,航天电子
sh.600881,1,亚泰集团
sh.600883,1,博闻科技
sh.600885,1,宏发股份
sh.600887,1,伊利股份
sh.600889,1,南京化纤
sh.600891,0,*ST秋林
sh.600893,1,航发动力
sh.600895,1,张江高科
sh.600897,1,厦门空港
sh.600900,1,长江电力
sh.600903,1,贵州燃气
sh.600909,1,华安证券
sh.600918,1,中泰证券
sh.600926,1,杭州银行
sh.600929,1,湖南盐业
sh.600936,1,广西广电
sh.600956,1,新天绿能
sh.600959,1,江苏有线
sh.600961,1,株冶集团
sh.600963,1,岳阳林纸
sh.600966,1,博汇纸业
sh.600968,1,海油发展
sh.600970,1,中材国际
sh.600973,1,宝胜股份
sh.600976,1,健民集团
sh.600978,1,*ST宜生
sh.600980,1,北矿科技
sh.600982,1,宁波热电
sh.600984,1,建设机械
sh.600986,1,科达股份
sh.600988,1,赤峰黄金
sh.600990,1,四创电子
sh.600993,1,马应龙
sh.600996,1,贵广网络
sh.600998,1,九州通
sh.601000,1,唐山港
sh.601002,1,晋亿实业
sh.601005,1,重庆钢铁
sh.601007,1,金陵饭店
sh.601009,1,南京银行
sh.601011,1,宝泰隆
sh.601015,1,陕西黑猫
sh.601018,1,宁波港
sh.601020,1,华钰矿业
sh.601028,1,玉龙股份
sh.601058,1,赛轮轮胎
sh.601068,1,中铝国际
sh.601077,1,渝农商行
sh.601088,1,中国神华
sh.601099,1,太平洋
sh.601101,1,昊华能源
sh.601107,1,四川成渝
sh.601111,1,中国国航
sh.601116,1,三江购物
sh.601118,1,海南橡胶
sh.601127,1,小康股份
sh.601137,1,博威合金
sh.601139,1,深圳燃气
sh.601158,1,重庆水务
sh.601163,1,三角轮胎
sh.601168,1,西部矿业
sh.601177,1,杭齿前进
sh.601186,1,中国铁建
sh.601198,1,东兴证券
sh.601200,1,上海环境
sh.601211,1,国泰君安
sh.601216,1,君正集团
sh.601222,1,林洋能源
sh.601226,1,华电重工
sh.601229,1,上海银行
sh.601233,1,桐昆股份
sh.601238,1,广汽集团
sh.601288,1,农业银行
sh.601311,1,骆驼股份
sh.601319,1,中国人保
sh.601328,1,交通银行
sh.601333,1,广深铁路
sh.601339,1,百隆东方
sh.601366,1,利群股份
sh.601369,1,陕鼓动力
sh.601377,1,兴业证券
sh.601390,1,中国中铁
sh.601399,1,ST国重装
sh.601500,1,通用股份
sh.601515,1,东风股份
sh.601519,1,大智慧
sh.601566,1,九牧王
sh.601577,1,长沙银行
sh.601588,1,北辰实业
sh.601598,1,中国外运
sh.601600,1,中国铝业
sh.601606,1,长城军工
sh.601608,1,中信重工
sh.601611,1,中国核建
sh.601616,1,广电电气
sh.601619,1,嘉泽新能
sh.601633,1,长城汽车
sh.601658,1,邮储银行
sh.601668,1,中国建筑
sh.601677,1,明泰铝业
sh.601688,1,华泰证券
sh.601696,1,中银证券
sh.601699,1,潞安环能
sh.601702,1,华峰铝业
sh.601718,1,际华集团
sh.601766,1,中国中车
sh.601778,1,晶科科技
sh.601789,1,宁波建工
sh.601799,1,星宇股份
sh.601801,1,皖新传媒
sh.601811,1,新华文轩
sh.601818,1,光大银行
sh.601828,1,美凯龙
sh.601857,1,中国石油
sh.601860,1,紫金银行
sh.601866,1,中远海发
sh.601872,1,招商轮船
sh.601878,1,浙商证券
sh.601881,1,中国银河
sh.601886,1,江河集团
sh.601890,1,亚星锚链
sh.601899,1,紫金矿业
sh.601901,1,方正证券
sh.601916,1,浙商银行
sh.601919,1,中远海控
sh.601929,1,吉视传媒
sh.601939,1,建设银行
sh.601952,1,苏垦农发
sh.601965,1,中国汽研
sh.601968,1,宝钢包装
sh.601975,1,招商南油
sh.601988,1,中国银行
sh.601990,1,南京证券
sh.601992,1,金隅集团
sh.601997,1,贵阳银行
sh.601999,1,出版传媒
sh.603001,1,奥康国际
sh.603003,1,龙宇燃油
sh.603006,1,联明股份
sh.603008,1,喜临门
sh.603010,1,万盛股份
sh.603012,1,创力集团
sh.603015,1,弘讯科技
sh.603017,1,中衡设计
sh.603019,1,中科曙光
sh.603021,1,山东华鹏
sh.603023,1,威帝股份
sh.603026,1,石大胜华
sh.603028,1,赛福天
sh.603030,1,全筑股份
sh.603032,1,德新交运
sh.603035,1,常熟汽饰
sh.603037,1,凯众股份
sh.603039,1,泛微网络
sh.603041,1,美思德
sh.603043,1,广州酒家
sh.603050,1,科林电气
sh.603055,1,台华新材
sh.603058,1,永吉股份
sh.603060,1,国检集团
sh.603066,1,音飞储存
sh.603068,1,博通集成
sh.603076,1,乐惠国际
sh.603078,1,江化微
sh.603080,1,新疆火炬
sh.603083,1,剑桥科技
sh.603086,1,先达股份
sh.603088,1,宁波精达
sh.603090,1,宏盛股份
sh.603095,1,越剑智能
sh.603098,1,森特股份
sh.603100,1,川仪股份
sh.603103,1,横店影视
sh.603106,1,恒银科技
sh.603109,1,神驰机电
sh.603111,1,康尼机电
sh.603113,1,金能科技
sh.603116,1,红蜻蜓
sh.603118,1,共进股份
sh.603123,1,翠微股份
sh.603127,1,昭衍新药
sh.603129,1,春风动力
sh.603133,1,碳元科技
sh.603138,1,海量数据
sh.603155,1,新亚强
sh.603157,1,*ST拉夏
sh.603159,1,上海亚虹
sh.603161,1,科华控股
sh.603166,1,福达股份
sh.603168,1,莎普爱思
sh.603177,1,德创环保
sh.603179,1,新泉股份
sh.603181,1,皇马科技
sh.603185,1,上机数控
sh.603187,1,海容冷链
sh.603189,1,网达软件
sh.603195,1,公牛集团
sh.603197,1,保隆科技
sh.603199,1,九华旅游
sh.603203,1,快克股份
sh.603212,1,赛伍技术
sh.603217,1,元利科技
sh.603220,1,中贝通信
sh.603222,1,济民制药
sh.603225,1,新凤鸣
sh.603227,1,雪峰科技
sh.603229,1,奥翔药业
sh.603233,1,大参林
sh.603238,1,诺邦股份
sh.603256,1,宏和科技
sh.603259,1,药明康德
sh.603266,1,天龙股份
sh.603268,1,松发股份
sh.603277,1,银都股份
sh.603279,1,景津环保
sh.603286,1,日盈电子
sh.603289,1,泰瑞机器
sh.603297,1,永新光学
sh.603299,1,苏盐井神
sh.603301,1,振德医疗
sh.603305,1,旭升股份
sh.603308,1,应流股份
sh.603311,1,金海环境
sh.603315,1,福鞍股份
sh.603317,1,天味食品
sh.603319,1,湘油泵
sh.603321,1,梅轮电梯
sh.603323,1,苏农银行
sh.603327,1,福蓉科技
sh.603329,1,上海雅仕
sh.603331,1,百达精工
sh.603333,1,尚纬股份
sh.603336,1,宏辉果蔬
sh.603338,1,浙江鼎力
sh.603345,1,安井食品
sh.603351,1,威尔药业
sh.603355,1,莱克电气
sh.603357,1,设计总院
sh.603359,1,东珠生态
sh.603363,1,傲农生物
sh.603366,1,日出东方
sh.603368,1,柳药股份
sh.603377,1,东方时尚
sh.603379,1,三美股份
sh.603383,1,顶点软件
sh.603386,1,广东骏亚
sh.603388,1,元成股份
sh.603390,1,通达电气
sh.603393,1,新天然气
sh.603398,1,邦宝益智
sh.603408,1,建霖家居
sh.603421,1,鼎信通讯
sh.603439,1,贵州三力
sh.603456,1,九洲药业
sh.603466,1,风语筑
sh.603486,1,科沃斯
sh.603489,1,八方股份
sh.603499,1,翔港科技
sh.603501,1,韦尔股份
sh.603506,1,南都物业
sh.603508,1,思维列控
sh.603516,1,淳中科技
sh.603518,1,锦泓集团
sh.603520,1,司太立
sh.603528,1,多伦科技
sh.603533,1,掌阅科技
sh.603536,1,惠发食品
sh.603551,1,奥普家居
sh.603556,1,海兴电力
sh.603558,1,健盛集团
sh.603565,1,
sh.603567,1,珍宝岛
sh.603569,1,长久物流
sh.603578,1,三星新材
sh.603580,1,艾艾精工
sh.603585,1,苏利股份
sh.603587,1,地素时尚
sh.603589,1,口子窖
sh.603595,1,东尼电子
sh.603598,1,引力传媒
sh.603600,1,永艺股份
sh.603602,1,纵横通信
sh.603605,1,珀莱雅
sh.603607,1,京华激光
sh.603609,1,禾丰牧业
sh.603611,1,诺力股份
sh.603613,1,国联股份
sh.603616,1,韩建河山
sh.603618,1,杭电股份
sh.603626,1,科森科技
sh.603629,1,利通电子
sh.603633,1,徕木股份
sh.603637,1,镇海股份
sh.603639,1,海利尔
sh.603650,1,彤程新材
sh.603656,1,泰禾光电
sh.603658,1,安图生物
sh.603660,1,苏州科达
sh.603662,1,柯力传感
sh.603665,1,康隆达
sh.603667,1,五洲新春
sh.603669,1,灵康药业
sh.603677,1,奇精机械
sh.603679,1,华体科技
sh.603681,1,永冠新材
sh.603683,1,晶华新材
sh.603686,1,龙马环卫
sh.603688,1,石英股份
sh.603690,1,至纯科技
sh.603696,1,安记食品
sh.603698,1,航天工程
sh.603700,1,宁水集团
sh.603703,1,盛洋科技
sh.603707,1,健友股份
sh.603709,1,中源家居
sh.603712,1,七一二
sh.603716,1,塞力斯
sh.603718,1,海利生物
sh.603721,1,中广天择
sh.603725,1,天安新材
sh.603727,1,博迈科
sh.603729,1,龙韵股份
sh.603733,1,仙鹤股份
sh.603738,1,泰晶科技
sh.603755,1,日辰股份
sh.603758,1,秦安股份
sh.603767,1,中马传动
sh.603773,1,沃格光电
sh.603777,1,来伊份
sh.603779,1,ST威龙
sh.603787,1,新日股份
sh.603789,1,星光农机
sh.603797,1,联泰环保
sh.603799,1,华友钴业
sh.603801,1,志邦家居
sh.603806,1,福斯特
sh.603809,1,豪能股份
sh.603811,1,诚意药业
sh.603815,1,交建股份
sh.603817,1,海峡环保
sh.603819,1,神力股份
sh.603823,1,百合花
sh.603826,1,坤彩科技
sh.603829,1,洛凯股份
sh.603838,1,四通股份
sh.603843,1,正平股份
sh.603855,1,华荣股份
sh.603858,1,步长制药
sh.603860,1,中公高科
sh.603863,1,松炀资源
sh.603867,1,新化股份
sh.603869,1,新智认知
sh.603876,1,鼎胜新材
sh.603878,1,武进不锈
sh.603880,1,南卫股份
sh.603882,1,金域医学
sh.603885,1,吉祥航空
sh.603887,1,城地股份
sh.603889,1,新澳股份
sh.603893,1,瑞芯微
sh.603896,1,寿仙谷
sh.603898,1,好莱客
sh.603900,1,莱绅通灵
sh.603903,1,中持股份
sh.603908,1,牧高笛
sh.603912,1,佳力图
sh.603916,1,苏博特
sh.603918,1,金桥信息
sh.603920,1,世运电路
sh.603926,1,铁流股份
sh.603928,1,兴业股份
sh.603931,1,格林达
sh.603936,1,博敏电子
sh.603938,1,三孚股份
sh.603948,1,建业股份
sh.603950,1,长源东谷
sh.603956,1,威派格
sh.603959,1,百利科技
sh.603963,1,大理药业
sh.603967,1,中创物流
sh.603969,1,银龙股份
sh.603976,1,正川股份
sh.603978,1,深圳新星
sh.603980,1,吉华集团
sh.603983,1,丸美股份
sh.603986,1,兆易创新
sh.603988,1,中电电机
sh.603990,1,麦迪科技
sh.603992,1,松霖科技
sh.603995,1,甬金股份
sh.603997,1,继峰股份
sh.603999,1,读者传媒
sh.605003,1,众望布艺
sh.605008,1,长鸿高科
sh.605018,1,
sh.605066,1,天正电气
sh.605099,1,
sh.605108,1,同庆楼
sh.605116,1,
sh.605123,1,派克新材
sh.605136,1,
sh.605166,1,聚合顺
sh.605178,1,时空科技
sh.605198,1,德利股份
sh.605218,1,
sh.605255,1,天普股份
sh.605318,1,法狮龙
sh.605358,1,立昂微
sh.605369,1,拱东医疗
sh.605399,1,晨光新材
sh.688002,1,睿创微纳
sh.688004,1,博汇科技
sh.688006,1,杭可科技
sh.688008,1,澜起科技
sh.688010,1,福光股份
sh.688012,1,中微公司
sh.688015,1,交控科技
sh.688017,1,绿的谐波
sh.688019,1,安集科技
sh.688021,1,奥福环保
sh.688023,1,安恒信息
sh.688026,1,洁特生物
sh.688028,1,沃尔德
sh.688030,1,山石网科
sh.688036,1,传音控股
sh.688039,1,当虹科技
sh.688051,1,佳华科技
sh.688056,1,莱伯泰科
sh.688060,1,云涌科技
sh.688066,1,航天宏图
sh.688069,1,德林海
sh.688078,1,龙软科技
sh.688081,1,兴图新科
sh.688086,1,紫晶存储
sh.688089,1,嘉必优
sh.688093,1,
sh.688096,1,京源环保
sh.688099,1,晶晨股份
sh.688101,1,三达膜
sh.688108,1,赛诺医疗
sh.688116,1,天奈科技
sh.688122,1,西部超导
sh.688126,1,沪硅产业
sh.688128,1,中国电研
sh.688139,1,海尔生物
sh.688156,1,
sh.688158,1,优刻得
sh.688165,1,埃夫特
sh.688168,1,安博通
sh.688177,1,百奥泰
sh.688180,1,君实生物
sh.688185,1,康希诺
sh.688188,1,柏楚电子
sh.688196,1,卓越新能
sh.688199,1,久日新材
sh.688202,1,美迪西
sh.688215,1,瑞晟智能
sh.688222,1,成都先导
sh.688229,1,博睿数据
sh.688256,1,寒武纪
sh.688266,1,泽Z制药
sh.688277,1,天智航
sh.688286,1,敏芯股份
sh.688289,1,圣湘生物
sh.688299,1,长阳科技
sh.688301,1,奕瑞科技
sh.688310,1,迈得医疗
sh.688312,1,燕麦科技
sh.688318,1,财富趋势
sh.688333,1,铂力特
sh.688336,1,三生国健
sh.688339,1,亿华通
sh.688357,1,建龙微纳
sh.688360,1,德马科技
sh.688365,1,光云科技
sh.688368,1,晶丰明源
sh.688377,1,迪威尔
sh.688379,1,华光新材
sh.688389,1,普门科技
sh.688393,1,安必平
sh.688398,1,赛特新材
sh.688408,1,中信博
sh.688466,1,金科环境
sh.688500,1,慧辰资讯
sh.688508,1,芯朋微
sh.688516,1,奥特维
sh.688519,1,南亚新材
sh.688521,1,芯原股份
sh.688528,1,秦川物联
sh.688550,1,瑞联新材
sh.688555,1,泽达易盛
sh.688558,1,国盛智科
sh.688561,1,奇安信
sh.688567,1,孚能科技
sh.688569,1,铁科轨道
sh.688579,1,山大地纬
sh.688585,1,
sh.688588,1,凌志软件
sh.688595,1,
sh.688598,1,金博股份
sh.688600,1,皖仪科技
sz.000001,1,平安银行
sz.000004,1,国农科技
sz.000006,1,深振业A
sz.000008,1,神州高铁
sz.000010,1,美丽生态
sz.000012,1,南玻A
sz.000016,1,深康佳A
sz.000019,1,深粮控股
sz.000021,1,深科技
sz.000025,1,特力A
sz.000027,1,深圳能源
sz.000029,0,深深房A
sz.000031,1,大悦城
sz.000034,1,神州数码
sz.000036,1,华联控股
sz.000038,1,深大通
sz.000040,1,东旭蓝天
sz.000045,1,深纺织A
sz.000048,1,京基智农
sz.000050,1,深天马A
sz.000056,1,皇庭国际
sz.000059,1,华锦股份
sz.000061,1,农产品
sz.000063,1,中兴通讯
sz.000066,1,中国长城
sz.000069,1,华侨城A
sz.000078,1,海王生物
sz.000089,1,深圳机场
sz.000096,1,广聚能源
sz.000100,1,TCL科技
sz.000151,1,中成股份
sz.000155,1,川能动力
sz.000157,1,中联重科
sz.000159,1,国际实业
sz.000301,1,东方盛虹
sz.000338,1,潍柴动力
sz.000401,1,冀东水泥
sz.000403,1,双林生物
sz.000407,1,胜利股份
sz.000409,1,ST地矿
sz.000411,1,英特集团
sz.000415,1,渤海租赁
sz.000417,1,合肥百货
sz.000420,1,吉林化纤
sz.000422,1,ST宜化
sz.000425,1,徐工机械
sz.000428,1,华天酒店
sz.000430,1,张家界
sz.000498,1,山东路桥
sz.000502,1,绿景控股
sz.000504,1,ST生物
sz.000506,1,中润资源
sz.000509,1,*ST华塑
sz.000513,1,丽珠集团
sz.000516,1,国际医学
sz.000518,1,四环生物
sz.000520,1,长航凤凰
sz.000523,1,广州浪奇
sz.000525,1,红太阳
sz.000528,1,柳工
sz.000530,1,冰山冷热
sz.000532,1,华金资本
sz.000534,1,万泽股份
sz.000537,1,广宇发展
sz.000539,1,粤电力A
sz.000541,1,佛山照明
sz.000544,1,中原环保
sz.000546,1,金圆股份
sz.000548,1,湖南投资
sz.000551,1,创元科技
sz.000553,1,安道麦A
sz.000555,1,神州信息
sz.000558,1,莱茵体育
sz.000560,1,我爱我家
sz.000563,1,陕国投A
sz.000565,1,渝三峡A
sz.000567,1,海德股份
sz.000570,1,苏常柴A
sz.000572,1,ST海马
sz.000576,1,广东甘化
sz.000582,1,北部湾港
sz.000585,1,*ST东电
sz.000587,1,*ST金洲
sz.000590,1,启迪古汉
sz.000592,1,平潭发展
sz.000595,1,*ST宝实
sz.000597,1,东北制药
sz.000599,1,青岛双星
sz.000601,1,韶能股份
sz.000605,1,渤海股份
sz.000607,1,华媒控股
sz.000609,1,中迪投资
sz.000611,1,ST天首
sz.000613,1,大东海A
sz.000616,1,海航投资
sz.000619,1,海螺型材
sz.000622,1,恒立实业
sz.000625,1,长安汽车
sz.000627,1,天茂集团
sz.000629,1,攀钢钒钛
sz.000631,1,顺发恒业
sz.000633,1,合金投资
sz.000636,1,风华高科
sz.000638,1,万方发展
sz.000650,1,仁和药业
sz.000652,1,泰达股份
sz.000656,1,金科股份
sz.000659,1,珠海中富
sz.000662,1,*ST天夏
sz.000665,1,湖北广电
sz.000667,1,美好置业
sz.000669,1,*ST金鸿
sz.000671,1,阳光城
sz.000673,1,*ST当代
sz.000677,1,恒天海龙
sz.000679,1,*ST友谊
sz.000681,1,视觉中国
sz.000683,1,远兴能源
sz.000686,1,东北证券
sz.000688,1,国城矿业
sz.000691,1,亚太实业
sz.000695,1,滨海能源
sz.000698,1,沈阳化工
sz.000701,1,厦门信达
sz.000703,1,恒逸石化
sz.000707,1,ST双环
sz.000709,1,河钢股份
sz.000711,1,京蓝科技
sz.000713,1,丰乐种业
sz.000716,1,黑芝麻
sz.000718,1,苏宁环球
sz.000720,1,新能泰山
sz.000722,1,湖南发展
sz.000725,1,京东方A
sz.000727,1,*ST东科
sz.000729,1,燕京啤酒
sz.000732,1,泰禾集团
sz.000735,1,罗牛山
sz.000737,1,ST南风
sz.000739,1,普洛药业
sz.000751,1,锌业股份
sz.000753,1,漳州发展
sz.000756,1,新华制药
sz.000758,1,中色股份
sz.000760,0,*ST斯太
sz.000762,1,西藏矿业
sz.000767,1,漳泽电力
sz.000776,1,广发证券
sz.000778,1,新兴铸管
sz.000780,1,*ST平能
sz.000783,1,长江证券
sz.000786,1,北新建材
sz.000789,1,万年青
sz.000791,1,甘肃电投
sz.000793,1,华闻集团
sz.000796,1,凯撒旅业
sz.000798,1,中水渔业
sz.000800,1,一汽解放
sz.000802,1,北京文化
sz.000806,1,*ST银河
sz.000809,1,铁岭新城
sz.000811,1,冰轮环境
sz.000813,1,德展健康
sz.000816,1,ST慧业
sz.000819,1,岳阳兴长
sz.000821,1,京山轻机
sz.000823,1,超声电子
sz.000826,1,启迪环境
sz.000829,1,天音控股
sz.000831,1,五矿稀土
sz.000835,1,*ST长动
sz.000837,1,*ST秦机
sz.000839,1,中信国安
sz.000850,1,华茂股份
sz.000852,1,石化机械
sz.000858,1,五粮液
sz.000860,1,顺鑫农业
sz.000862,1,银星能源
sz.000868,1,ST安凯
sz.000875,1,吉电股份
sz.000877,1,天山股份
sz.000880,1,潍柴重机
sz.000882,1,华联股份
sz.000885,1,城发环境
sz.000887,1,中鼎股份
sz.000889,1,中嘉博创
sz.000892,1,欢瑞世纪
sz.000895,1,双汇发展
sz.000898,1,鞍钢股份
sz.000900,1,现代投资
sz.000902,1,新洋丰
sz.000905,1,厦门港务
sz.000908,1,景峰医药
sz.000910,1,大亚圣象
sz.000912,1,泸天化
sz.000915,1,山大华特
sz.000918,1,嘉凯城
sz.000920,1,南方汇通
sz.000922,1,佳电股份
sz.000925,1,众合科技
sz.000927,1,*ST夏利
sz.000929,1,兰州黄河
sz.000931,1,中关村
sz.000933,1,神火股份
sz.000936,1,华西股份
sz.000938,1,紫光股份
sz.000948,1,南天信息
sz.000950,1,重药控股
sz.000952,1,广济药业
sz.000955,1,欣龙控股
sz.000958,1,东方能源
sz.000960,1,锡业股份
sz.000962,1,东方钽业
sz.000965,1,天保基建
sz.000967,1,盈峰环境
sz.000969,1,安泰科技
sz.000971,1,*ST高升
sz.000973,1,佛塑科技
sz.000976,1,华铁股份
sz.000978,1,桂林旅游
sz.000981,1,*ST银亿
sz.000983,1,西山煤电
sz.000987,1,越秀金控
sz.000989,1,九芝堂
sz.000993,1,闽东电力
sz.000996,1,中国中期
sz.000998,1,隆平高科
sz.001696,1,宗申动力
sz.001896,0,豫能控股
sz.001965,1,招商公路
sz.002001,1,新和成
sz.002003,1,伟星股份
sz.002005,1,*ST德豪
sz.002007,1,华兰生物
sz.002009,1,天奇股份
sz.002011,1,盾安环境
sz.002013,1,中航机电
sz.002015,1,协鑫能科
sz.002017,1,东信和平
sz.002020,1,京新药业
sz.002022,1,科华生物
sz.002024,1,苏宁易购
sz.002026,1,山东威达
sz.002028,1,思源电气
sz.002030,1,达安基因
sz.002032,1,苏泊尔
sz.002034,1,旺能环境
sz.002036,1,联创电子
sz.002038,1,双鹭药业
sz.002040,1,南京港
sz.002042,1,华孚时尚
sz.002044,1,美年健康
sz.002046,1,轴研科技
sz.002048,1,宁波华翔
sz.002050,1,三花智控
sz.002052,1,*ST同洲
sz.002054,1,德美化工
sz.002056,1,横店东磁
sz.002058,1,威尔泰
sz.002060,1,粤水电
sz.002062,1,宏润建设
sz.002064,1,华峰氨纶
sz.002066,1,瑞泰科技
sz.002068,1,黑猫股份
sz.002071,1,*ST长城
sz.002073,1,软控股份
sz.002075,1,沙钢股份
sz.002077,1,*ST大港
sz.002079,1,苏州固锝
sz.002081,1,金螳螂
sz.002083,1,孚日股份
sz.002085,1,万丰奥威
sz.002087,1,新野纺织
sz.002089,1,ST新海
sz.002091,1,江苏国泰
sz.002093,1,国脉科技
sz.002095,1,生意宝
sz.002097,1,山河智能
sz.002099,1,海翔药业
sz.002101,1,广东鸿图
sz.002103,1,广博股份
sz.002105,1,信隆健康
sz.002107,1,沃华医药
sz.002109,1,兴化股份
sz.002111,1,威海广泰
sz.002113,1,*ST天润
sz.002115,1,三维通信
sz.002117,1,东港股份
sz.002119,1,康强电子
sz.002121,1,*ST科陆
sz.002123,1,梦网集团
sz.002125,1,湘潭电化
sz.002127,1,南极电商
sz.002129,1,中环股份
sz.002131,1,利欧股份
sz.002133,1,广宇集团
sz.002135,1,东南网架
sz.002137,1,麦达数字
sz.002139,1,拓邦股份
sz.002141,1,贤丰控股
sz.002144,1,宏达高科
sz.002146,1,荣盛发展
sz.002148,1,北纬科技
sz.002150,1,通润装备
sz.002152,1,广电运通
sz.002154,1,报喜鸟
sz.002156,1,通富微电
sz.002158,1,汉钟精机
sz.002160,1,常铝股份
sz.002162,1,悦心健康
sz.002164,1,宁波东力
sz.002166,1,莱茵生物
sz.002168,1,惠程科技
sz.002170,1,芭田股份
sz.002172,1,澳洋健康
sz.002174,1,游族网络
sz.002176,1,*ST江特
sz.002178,1,延华智能
sz.002180,1,纳思达
sz.002182,1,云海金属
sz.002184,1,海得控制
sz.002186,1,全聚德
sz.002188,1,ST巴士
sz.002190,1,成飞集成
sz.002192,1,*ST融捷
sz.002194,1,武汉凡谷
sz.002196,1,方正电机
sz.002198,1,嘉应制药
sz.002200,1,ST云投
sz.002202,1,金风科技
sz.002204,1,大连重工
sz.002206,1,海利得
sz.002208,1,合肥城建
sz.002210,1,*ST飞马
sz.002212,1,南洋股份
sz.002214,1,大立科技
sz.002216,1,三全食品
sz.002218,1,拓日新能
sz.002221,1,东华能源
sz.002223,1,鱼跃医疗
sz.002225,1,濮耐股份
sz.002227,1,奥特迅
sz.002229,1,鸿博股份
sz.002231,1,奥维通信
sz.002233,1,塔牌集团
sz.002235,1,安妮股份
sz.002237,1,恒邦股份
sz.002239,1,奥特佳
sz.002241,1,歌尔股份
sz.002243,1,通产丽星
sz.002245,1,澳洋顺昌
sz.002247,1,*ST聚力
sz.002249,1,大洋电机
sz.002251,1,步步高
sz.002253,1,川大智胜
sz.002255,1,*ST海陆
sz.002258,1,利尔化学
sz.002260,0,*ST德奥
sz.002262,1,恩华药业
sz.002264,1,新华都
sz.002266,1,浙富控股
sz.002268,1,卫士通
sz.002270,1,华明装备
sz.002272,1,川润股份
sz.002274,1,华昌化工
sz.002276,1,万马股份
sz.002278,1,神开股份
sz.002280,1,*ST联络
sz.002282,1,博深股份
sz.002284,1,亚太股份
sz.002286,1,保龄宝
sz.002288,1,超华科技
sz.002290,1,ST中科创
sz.002292,1,奥飞娱乐
sz.002294,1,信立泰
sz.002296,1,辉煌科技
sz.002298,1,中电兴发
sz.002300,1,太阳电缆
sz.002302,1,西部建设
sz.002304,1,洋河股份
sz.002306,1,ST云网
sz.002308,1,威创股份
sz.002310,1,东方园林
sz.002312,1,三泰控股
sz.002314,1,南山控股
sz.002316,1,亚联发展
sz.002318,1,久立特材
sz.002320,1,海峡股份
sz.002322,1,理工环科
sz.002324,1,普利特
sz.002326,1,永太科技
sz.002328,1,新朋股份
sz.002330,1,得利斯
sz.002332,1,仙琚制药
sz.002334,1,英威腾
sz.002336,1,ST人乐
sz.002338,1,奥普光电
sz.002340,1,格林美
sz.002342,1,巨力索具
sz.002344,1,海宁皮城
sz.002346,1,柘中股份
sz.002348,1,高乐股份
sz.002350,1,北京科锐
sz.002352,1,顺丰控股
sz.002354,1,*ST天娱
sz.002356,1,*ST赫美
sz.002358,1,森源电气
sz.002360,1,同德化工
sz.002362,1,汉王科技
sz.002364,1,中恒电气
sz.002366,1,台海核电
sz.002368,1,太极股份
sz.002370,1,亚太药业
sz.002372,1,伟星新材
sz.002374,1,丽鹏股份
sz.002376,1,新北洋
sz.002378,1,章源钨业
sz.002380,1,科远智慧
sz.002382,1,蓝帆医疗
sz.002384,1,东山精密
sz.002386,1,天原集团
sz.002388,1,新亚制程
sz.002390,1,信邦制药
sz.002392,1,北京利尔
sz.002394,1,联发股份
sz.002396,1,星网锐捷
sz.002398,1,垒知集团
sz.002400,1,省广集团
sz.002402,1,和而泰
sz.002404,1,嘉欣丝绸
sz.002406,1,远东传动
sz.002408,1,齐翔腾达
sz.002410,1,广联达
sz.002412,1,汉森制药
sz.002414,1,高德红外
sz.002416,1,爱施德
sz.002418,1,*ST康盛
sz.002420,1,ST毅昌
sz.002422,1,科伦药业
sz.002424,1,贵州百灵
sz.002426,1,*ST胜利
sz.002428,1,云南锗业
sz.002430,1,杭氧股份
sz.002432,1,九安医疗
sz.002434,1,万里扬
sz.002436,1,兴森科技
sz.002438,1,江苏神通
sz.002440,1,闰土股份
sz.002442,1,龙星化工
sz.002444,1,巨星科技
sz.002446,1,盛路通信
sz.002448,1,中原内配
sz.002450,0,*ST康得
sz.002452,1,长高集团
sz.002454,1,松芝股份
sz.002456,1,欧菲光
sz.002458,1,益生股份
sz.002460,1,赣锋锂业
sz.002462,1,嘉事堂
sz.002464,1,众应互联
sz.002466,1,天齐锂业
sz.002468,1,申通快递
sz.002470,1,*ST金正
sz.002472,1,双环传动
sz.002474,1,榕基软件
sz.002476,1,宝莫股份
sz.002479,1,富春环保
sz.002481,1,双塔食品
sz.002483,1,润邦股份
sz.002485,1,希努尔
sz.002487,1,大金重工
sz.002489,1,浙江永强
sz.002491,1,通鼎互联
sz.002493,1,荣盛石化
sz.002495,1,佳隆股份
sz.002497,1,雅化集团
sz.002499,1,*ST科林
sz.002501,1,*ST利源
sz.002503,1,搜于特
sz.002505,1,大康农业
sz.002507,1,涪陵榨菜
sz.002510,1,天汽模
sz.002512,1,达华智能
sz.002514,1,宝馨科技
sz.002516,1,旷达科技
sz.002518,1,科士达
sz.002520,1,日发精机
sz.002522,1,浙江众成
sz.002524,1,光正集团
sz.002527,1,新时达
sz.002529,1,*ST海源
sz.002531,1,天顺风能
sz.002533,1,金杯电工
sz.002535,1,*ST林重
sz.002537,1,海联金汇
sz.002539,1,云图控股
sz.002541,1,鸿路钢构
sz.002543,1,万和电气
sz.002545,1,东方铁塔
sz.002547,1,春兴精工
sz.002549,1,凯美特气
sz.002551,1,尚荣医疗
sz.002553,1,南方轴承
sz.002555,1,三七互娱
sz.002557,1,洽洽食品
sz.002559,1,亚威股份
sz.002561,1,徐家汇
sz.002563,1,森马服饰
sz.002565,1,顺灏股份
sz.002567,1,唐人神
sz.002569,1,ST步森
sz.002571,1,德力股份
sz.002573,1,清新环境
sz.002575,1,*ST群兴
sz.002577,1,雷柏科技
sz.002579,1,中京电子
sz.002581,1,未名医药
sz.002583,1,海能达
sz.002585,1,双星新材
sz.002587,1,奥拓电子
sz.002589,1,瑞康医药
sz.002591,1,恒大高新
sz.002593,1,日上集团
sz.002595,1,豪迈科技
sz.002597,1,金禾实业
sz.002599,1,盛通股份
sz.002601,1,龙蟒佰利
sz.002603,1,以岭药业
sz.002606,1,大连电瓷
sz.002608,1,江苏国信
sz.002610,1,爱康科技
sz.002612,1,朗姿股份
sz.002614,1,奥佳华
sz.002616,1,长青集团
sz.002618,1,丹邦科技
sz.002620,1,瑞和股份
sz.002622,1,融钰集团
sz.002624,1,完美世界
sz.002626,1,金达威
sz.002628,1,成都路桥
sz.002630,1,华西能源
sz.002632,1,道明光学
sz.002634,1,棒杰股份
sz.002636,1,金安国纪
sz.002638,1,*ST勤上
sz.002640,1,跨境通
sz.002642,1,荣联科技
sz.002644,1,佛慈制药
sz.002646,1,青青稞酒
sz.002648,1,卫星石化
sz.002650,1,ST加加
sz.002652,1,扬子新材
sz.002654,1,万润科技
sz.002656,1,ST摩登
sz.002658,1,雪迪龙
sz.002660,1,茂硕电源
sz.002662,1,京威股份
sz.002664,1,长鹰信质
sz.002666,1,德联集团
sz.002668,1,奥马电器
sz.002670,1,国盛金控
sz.002672,1,东江环保
sz.002674,1,兴业科技
sz.002676,1,顺威股份
sz.002678,1,珠江钢琴
sz.002681,1,*ST奋达
sz.002683,1,宏大爆破
sz.002685,1,华东重机
sz.002687,1,乔治白
sz.002689,1,远大智能
sz.002691,1,冀凯股份
sz.002693,1,双成药业
sz.002695,1,煌上煌
sz.002697,1,红旗连锁
sz.002699,1,美盛文化
sz.002701,1,奥瑞金
sz.002703,1,浙江世宝
sz.002706,1,良信电器
sz.002708,1,光洋股份
sz.002711,0,*ST欧浦
sz.002713,1,东易日盛
sz.002715,1,登云股份
sz.002717,1,岭南股份
sz.002719,1,*ST麦趣
sz.002722,1,金轮股份
sz.002724,1,海洋王
sz.002726,1,龙大肉食
sz.002728,1,特一药业
sz.002730,1,电光科技
sz.002732,1,燕塘乳业
sz.002734,1,利民股份
sz.002736,1,国信证券
sz.002738,1,中矿资源
sz.002740,1,爱迪尔
sz.002742,1,三圣股份
sz.002745,1,木林森
sz.002747,1,埃斯顿
sz.002749,1,国光股份
sz.002751,1,易尚展示
sz.002753,1,永东股份
sz.002756,1,永兴材料
sz.002758,1,华通医药
sz.002760,1,凤形股份
sz.002762,1,金发拉比
sz.002765,1,蓝黛传动
sz.002767,1,先锋电子
sz.002769,1,普路通
sz.002771,1,真视通
sz.002773,1,康弘药业
sz.002775,1,文科园林
sz.002777,1,久远银海
sz.002779,1,中坚科技
sz.002781,1,奇信股份
sz.002783,1,凯龙股份
sz.002786,1,银宝山新
sz.002788,1,鹭燕医药
sz.002790,1,瑞尔特
sz.002792,1,通宇通讯
sz.002795,1,永和智控
sz.002797,1,第一创业
sz.002799,1,环球印务
sz.002801,1,微光股份
sz.002803,1,吉宏股份
sz.002806,1,华锋股份
sz.002808,1,恒久科技
sz.002810,1,山东赫达
sz.002812,1,恩捷股份
sz.002815,1,崇达技术
sz.002817,1,黄山胶囊
sz.002819,1,东方中科
sz.002821,1,凯莱英
sz.002823,1,凯中精密
sz.002825,1,纳尔股份
sz.002827,1,高争民爆
sz.002829,1,星网宇达
sz.002831,1,裕同科技
sz.002833,1,弘亚数控
sz.002836,1,新宏泽
sz.002838,1,道恩股份
sz.002840,1,华统股份
sz.002842,1,翔鹭钨业
sz.002845,1,同兴达
sz.002847,1,盐津铺子
sz.002849,1,威星智能
sz.002851,1,麦格米特
sz.002853,1,皮阿诺
sz.002856,1,美芝股份
sz.002858,1,力盛赛车
sz.002860,1,星帅尔
sz.002862,1,实丰文化
sz.002864,1,盘龙药业
sz.002866,1,传艺科技
sz.002868,1,绿康生化
sz.002870,1,香山股份
sz.002872,1,ST天圣
sz.002875,1,安奈儿
sz.002877,1,智能自控
sz.002879,1,长缆科技
sz.002881,1,美格智能
sz.002883,1,中设股份
sz.002885,1,京泉华
sz.002887,1,绿茵生态
sz.002889,1,东方嘉盛
sz.002891,1,中宠股份
sz.002893,1,华通热力
sz.002896,1,中大力德
sz.002898,1,赛隆药业
sz.002900,1,哈三联
sz.002902,1,铭普光磁
sz.002905,1,金逸影视
sz.002907,1,华森制药
sz.002909,1,集泰股份
sz.002911,1,佛燃能源
sz.002913,1,奥士康
sz.002916,1,深南电路
sz.002918,1,蒙娜丽莎
sz.002920,1,德赛西威
sz.002922,1,伊戈尔
sz.002925,1,盈趣科技
sz.002927,1,泰永长征
sz.002929,1,润建股份
sz.002931,1,锋龙股份
sz.002933,1,新兴装备
sz.002936,1,郑州银行
sz.002938,1,鹏鼎控股
sz.002940,1,昂利康
sz.002942,1,新农股份
sz.002945,1,华林证券
sz.002947,1,恒铭达
sz.002949,1,华阳国际
sz.002951,1,金时科技
sz.002953,1,日丰股份
sz.002956,1,西麦食品
sz.002958,1,青农商行
sz.002960,1,青鸟消防
sz.002962,1,五方光电
sz.002965,1,祥鑫科技
sz.002967,1,广电计量
sz.002969,1,嘉美包装
sz.002971,1,和远气体
sz.002973,1,侨银环保
sz.002976,1,瑞玛工业
sz.002978,1,安宁股份
sz.002980,1,华盛昌
sz.002982,1,湘佳股份
sz.002984,1,森麒麟
sz.002986,1,宇新股份
sz.002988,1,豪美新材
sz.002990,1,盛视科技
sz.002992,1,宝明科技
sz.002995,1,天地在线
sz.002997,1,瑞鹄模具
sz.002999,1,天禾股份
sz.003002,1,
sz.003005,1,
sz.003007,1,
sz.003009,1,
sz.003011,1,
sz.300001,1,特锐德
sz.300003,1,乐普医疗
sz.300005,1,探路者
sz.300007,1,汉威科技
sz.300009,1,安科生物
sz.300011,1,鼎汉技术
sz.300013,1,新宁物流
sz.300015,1,爱尔眼科
sz.300017,1,网宿科技
sz.300019,1,硅宝科技
sz.300021,1,大禹节水
sz.300023,1,宝德股份
sz.300025,1,华星创业
sz.300027,1,华谊兄弟
sz.300030,1,阳普医疗
sz.300032,1,金龙机电
sz.300034,1,钢研高纳
sz.300036,1,超图软件
sz.300038,1,数知科技
sz.300040,1,九洲集团
sz.300042,1,朗科科技
sz.300044,1,赛为智能
sz.300046,1,台基股份
sz.300048,1,合康新能
sz.300050,0,世纪鼎利
sz.300052,1,中青宝
sz.300054,1,鼎龙股份
sz.300056,1,中创环保
sz.300058,1,蓝色光标
sz.300061,1,旗天科技
sz.300063,1,天龙集团
sz.300065,1,海兰信
sz.300067,1,安诺其
sz.300069,1,金利华电
sz.300071,0,华谊嘉信
sz.300073,1,当升科技
sz.300075,1,数字政通
sz.300077,1,国民技术
sz.300079,1,数码科技
sz.300081,1,恒信东方
sz.300083,1,创世纪
sz.300085,1,银之杰
sz.300087,1,荃银高科
sz.300089,1,文化长城
sz.300092,1,科新机电
sz.300094,1,国联水产
sz.300096,1,易联众
sz.300098,1,高新兴
sz.300100,1,双林股份
sz.300102,1,乾照光电
sz.300105,1,龙源技术
sz.300107,1,建新股份
sz.300109,1,新开源
sz.300111,1,向日葵
sz.300113,1,顺网科技
sz.300115,1,长盈精密
sz.300117,1,嘉寓股份
sz.300119,1,瑞普生物
sz.300121,1,阳谷华泰
sz.300123,1,亚光科技
sz.300125,1,聆达股份
sz.300127,1,银河磁体
sz.300129,1,泰胜风能
sz.300131,1,英唐智控
sz.300133,1,华策影视
sz.300135,1,宝利国际
sz.300137,1,先河环保
sz.300139,1,晓程科技
sz.300141,1,和顺电气
sz.300143,1,盈康生命
sz.300145,1,中金环境
sz.300147,1,香雪制药
sz.300149,1,量子生物
sz.300151,1,昌红科技
sz.300153,1,科泰电源
sz.300155,1,安居宝
sz.300158,1,振东制药
sz.300160,1,秀强股份
sz.300162,1,雷曼光电
sz.300164,1,通源石油
sz.300166,1,东方国信
sz.300168,1,万达信息
sz.300170,1,汉得信息
sz.300172,1,中电环保
sz.300174,1,元力股份
sz.300176,1,派生科技
sz.300178,1,腾邦国际
sz.300180,1,华峰超纤
sz.300182,1,捷成股份
sz.300184,1,力源信息
sz.300187,1,永清环保
sz.300189,1,神农科技
sz.300191,1,潜能恒信
sz.300193,1,佳士科技
sz.300195,1,长荣股份
sz.300197,1,铁汉生态
sz.300199,1,翰宇药业
sz.300201,1,海伦哲
sz.300203,1,聚光科技
sz.300205,1,天喻信息
sz.300207,1,欣旺达
sz.300209,1,天泽信息
sz.300211,1,亿通科技
sz.300213,1,佳讯飞鸿
sz.300215,1,电科院
sz.300218,1,安利股份
sz.300220,1,金运激光
sz.300222,1,科大智能
sz.300224,1,正海磁材
sz.300226,1,上海钢联
sz.300228,1,富瑞特装
sz.300230,1,永利股份
sz.300232,1,洲明科技
sz.300234,1,开尔新材
sz.300236,1,上海新阳
sz.300238,1,冠昊生物
sz.300240,1,飞力达
sz.300242,1,佳云科技
sz.300244,1,迪安诊断
sz.300246,1,宝莱特
sz.300248,1,新开普
sz.300250,1,初灵信息
sz.300252,1,金信诺
sz.300254,1,仟源医药
sz.300256,1,星星科技
sz.300258,1,精锻科技
sz.300260,1,新莱应材
sz.300262,1,巴安水务
sz.300264,1,佳创视讯
sz.300266,1,兴源环境
sz.300268,1,佳沃股份
sz.300270,1,中威电子
sz.300272,1,开能健康
sz.300274,1,阳光电源
sz.300276,1,三丰智能
sz.300278,1,华昌达
sz.300280,1,紫天科技
sz.300282,1,三盛教育
sz.300284,1,苏交科
sz.300286,1,安科瑞
sz.300288,1,朗玛信息
sz.300290,1,荣科科技
sz.300292,1,吴通控股
sz.300294,0,博雅生物
sz.300296,1,利亚德
sz.300298,1,三诺生物
sz.300300,1,汉鼎宇佑
sz.300302,1,同有科技
sz.300304,1,云意电气
sz.300306,1,远方信息
sz.300308,1,中际旭创
sz.300310,1,宜通世纪
sz.300312,1,邦讯技术
sz.300314,1,戴维医疗
sz.300316,1,晶盛机电
sz.300318,1,博晖创新
sz.300320,1,海达股份
sz.300322,1,硕贝德
sz.300324,1,旋极信息
sz.300326,1,凯利泰
sz.300328,1,宜安科技
sz.300330,1,华虹计通
sz.300332,1,天壕环境
sz.300334,1,津膜科技
sz.300336,1,新文化
sz.300338,1,开元股份
sz.300340,1,科恒股份
sz.300342,1,天银机电
sz.300344,1,太空智造
sz.300346,1,南大光电
sz.300348,1,长亮科技
sz.300350,1,华鹏飞
sz.300352,1,北信源
sz.300354,1,东华测试
sz.300356,1,光一科技
sz.300358,1,楚天科技
sz.300360,1,炬华科技
sz.300363,1,博腾股份
sz.300365,1,恒华科技
sz.300367,1,ST网力
sz.300369,1,绿盟科技
sz.300371,1,汇中股份
sz.300374,1,中铁装配
sz.300376,1,易事特
sz.300378,1,鼎捷软件
sz.300380,1,安硕信息
sz.300382,1,斯莱克
sz.300384,1,三联虹普
sz.300386,1,飞天诚信
sz.300388,1,国祯环保
sz.300390,1,天华超净
sz.300392,1,腾信股份
sz.300394,1,天孚通信
sz.300396,1,迪瑞医疗
sz.300398,1,飞凯材料
sz.300400,1,劲拓股份
sz.300402,1,宝色股份
sz.300404,1,博济医药
sz.300406,1,九强生物
sz.300408,1,三环集团
sz.300410,1,正业科技
sz.300412,1,迦南科技
sz.300414,1,中光防雷
sz.300416,1,苏试试验
sz.300418,1,昆仑万维
sz.300420,1,五洋停车
sz.300422,1,博世科
sz.300424,1,航新科技
sz.300426,1,唐德影视
sz.300428,1,四通新材
sz.300430,1,诚益通
sz.300432,1,富临精工
sz.300434,1,金石亚药
sz.300436,1,广生堂
sz.300438,1,鹏辉能源
sz.300440,1,运达科技
sz.300442,1,普丽盛
sz.300444,1,双杰电气
sz.300446,1,ST乐凯
sz.300448,1,浩云科技
sz.300450,1,先导智能
sz.300452,1,山河药辅
sz.300454,1,深信服
sz.300456,1,赛微电子
sz.300458,1,全志科技
sz.300460,1,惠伦晶体
sz.300462,1,华铭智能
sz.300464,1,星徽精密
sz.300466,1,赛摩智能
sz.300468,1,四方精创
sz.300470,1,中密控股
sz.300472,1,新元科技
sz.300474,1,景嘉微
sz.300476,1,胜宏科技
sz.300478,1,杭州高新
sz.300480,1,光力科技
sz.300482,1,万孚生物
sz.300484,1,蓝海华腾
sz.300486,1,东杰智能
sz.300488,1,恒锋工具
sz.300490,1,华自科技
sz.300492,1,华图山鼎
sz.300494,1,盛天网络
sz.300496,1,中科创达
sz.300498,1,温氏股份
sz.300500,1,启迪设计
sz.300502,1,新易盛
sz.300504,1,天邑股份
sz.300506,1,名家汇
sz.300508,1,维宏股份
sz.300510,1,金冠股份
sz.300512,1,中亚股份
sz.300514,1,友讯达
sz.300516,1,久之洋
sz.300518,1,盛讯达
sz.300520,1,科大国创
sz.300522,1,世名科技
sz.300525,1,博思软件
sz.300527,1,中船应急
sz.300529,1,健帆生物
sz.300531,1,优博讯
sz.300533,1,冰川网络
sz.300535,1,达威股份
sz.300537,1,广信材料
sz.300539,1,横河模具
sz.300541,1,先进数通
sz.300543,1,朗科智能
sz.300546,1,雄帝科技
sz.300548,1,博创科技
sz.300550,1,和仁科技
sz.300552,1,万集科技
sz.300554,1,三超新材
sz.300556,1,丝路视觉
sz.300558,1,贝达药业
sz.300560,1,中富通
sz.300562,1,乐心医疗
sz.300564,1,筑博设计
sz.300566,1,激智科技
sz.300568,1,星源材质
sz.300570,1,太辰光
sz.300572,1,安车检测
sz.300575,1,中旗股份
sz.300577,1,开润股份
sz.300579,1,数字认证
sz.300581,1,晨曦航空
sz.300583,1,赛托生物
sz.300585,1,奥联电子
sz.300587,1,天铁股份
sz.300589,1,江龙船艇
sz.300591,1,万里马
sz.300593,1,新雷能
sz.300595,1,欧普康视
sz.300597,1,吉大通信
sz.300599,1,雄塑科技
sz.300601,1,康泰生物
sz.300603,1,立昂技术
sz.300605,1,恒锋信息
sz.300607,1,拓斯达
sz.300609,1,汇纳科技
sz.300611,1,美力科技
sz.300613,1,富瀚微
sz.300616,1,尚品宅配
sz.300618,1,寒锐钴业
sz.300620,1,光库科技
sz.300622,1,博士眼镜
sz.300624,1,万兴科技
sz.300626,1,华瑞股份
sz.300628,1,亿联网络
sz.300630,1,普利制药
sz.300632,1,光莆股份
sz.300634,1,彩讯股份
sz.300636,1,同和药业
sz.300638,1,广和通
sz.300640,1,德艺文创
sz.300642,1,透景生命
sz.300644,1,南京聚隆
sz.300647,1,超频三
sz.300649,1,杭州园林
sz.300651,1,金陵体育
sz.300653,1,正海生物
sz.300655,1,晶瑞股份
sz.300657,1,弘信电子
sz.300659,1,中孚信息
sz.300661,1,圣邦股份
sz.300663,1,科蓝软件
sz.300665,1,飞鹿股份
sz.300667,1,必创科技
sz.300669,1,沪宁股份
sz.300671,1,富满电子
sz.300673,1,佩蒂股份
sz.300675,1,建科院
sz.300677,1,英科医疗
sz.300679,1,电连技术
sz.300681,1,英搏尔
sz.300683,1,海特生物
sz.300685,1,艾德生物
sz.300687,1,赛意信息
sz.300689,1,澄天伟业
sz.300691,1,联合光电
sz.300693,1,盛弘股份
sz.300695,1,兆丰股份
sz.300697,1,电工合金
sz.300699,1,光威复材
sz.300701,1,森霸传感
sz.300703,1,创源文化
sz.300706,1,阿石创
sz.300708,1,聚灿光电
sz.300710,1,万隆光电
sz.300712,1,永福股份
sz.300715,1,凯伦股份
sz.300717,1,华信新材
sz.300719,1,安达维尔
sz.300721,1,怡达股份
sz.300723,1,一品红
sz.300725,1,药石科技
sz.300727,1,润禾材料
sz.300730,1,科创信息
sz.300732,1,设研院
sz.300735,1,光弘科技
sz.300737,1,科顺股份
sz.300739,1,明阳电路
sz.300741,1,华宝股份
sz.300743,1,天地数码
sz.300746,1,汉嘉设计
sz.300748,1,金力永磁
sz.300750,1,宁德时代
sz.300752,1,隆利科技
sz.300755,1,华致酒行
sz.300757,1,罗博特科
sz.300759,1,康龙化成
sz.300761,1,立华股份
sz.300763,1,锦浪科技
sz.300766,1,每日互动
sz.300768,1,迪普科技
sz.300770,1,新媒股份
sz.300772,1,运达股份
sz.300775,1,三角防务
sz.300777,1,中简科技
sz.300779,1,惠城环保
sz.300781,1,因赛集团
sz.300783,1,三只松鼠
sz.300786,1,国林科技
sz.300788,1,中信出版
sz.300790,1,宇瞳光学
sz.300792,1,壹网壹创
sz.300795,1,米奥会展
sz.300797,1,钢研纳克
sz.300799,1,左江科技
sz.300801,1,泰和科技
sz.300803,1,指南针
sz.300806,1,斯迪克
sz.300808,1,久量股份
sz.300810,1,中科海讯
sz.300812,1,易天股份
sz.300815,1,玉禾田
sz.300817,1,双飞股份
sz.300819,1,聚杰微纤
sz.300821,1,东岳硅材
sz.300823,1,建科机械
sz.300825,1,阿尔特
sz.300827,1,上能电气
sz.300829,1,金丹科技
sz.300831,1,派瑞股份
sz.300833,1,浩洋股份
sz.300836,1,佰奥智能
sz.300838,1,浙江力诺
sz.300840,1,酷特智能
sz.300842,1,帝科股份
sz.300845,1,捷安高科
sz.300847,1,中船汉光
sz.300849,1,锦盛新材
sz.300851,1,交大思诺
sz.300853,1,申昊科技
sz.300856,1,科思股份
sz.300858,1,科拓生物
sz.300860,1,锋尚文化
sz.300862,1,蓝盾光电
sz.300864,1,南大环境
sz.300866,1,安克创新
sz.300868,1,杰美特
sz.300870,1,欧陆通
sz.300872,1,天阳科技
sz.300875,1,捷强装备
sz.300877,1,金春股份
sz.300879,1,大叶股份
sz.300881,1,盛德鑫泰
sz.300883,1,龙利得
sz.300886,1,华业香料
sz.300888,1,稳健医疗
sz.300890,1,翔丰华
sz.300892,1,
sz.300895,1,
sz.300897,1,
sz.399002,1,深证成份指数(收益)
sz.399004,1,深证100指数(收益)
sz.399006,1,创业板指数(价格)
sz.399008,1,中小板300指数
sz.399010,1,深证700指数
sz.399012,1,创业板300
sz.399015,1,深证中小创新指数
sz.399101,1,中小板综合指数
sz.399103,1,乐富基金指数
sz.399107,1,深证A股指数
sz.399231,1,农林牧渔指数
sz.399233,1,制造业指数
sz.399235,1,建筑业指数
sz.399237,1,运输仓储指数
sz.399239,1,信息技术指数
sz.399241,1,房地产业指数
sz.399243,1,科研服务指数
sz.399248,1,文化传播指数
sz.399298,1,深证中高等级信用债指数
sz.399300,1,沪深300指数
sz.399302,1,深证公司债综合指数
sz.399306,1,深证ETF指数
sz.399310,1,国证A50指数
sz.399312,1,国证300指数
sz.399314,1,巨潮大盘指数
sz.399316,1,巨潮小盘指数
sz.399318,1,国证B股指数
sz.399320,1,国证服务指数
sz.399322,1,国证治理指数
sz.399326,1,深证成长40指数
sz.399330,1,深证100指数(价格)
sz.399335,1,深证央企指数
sz.399339,1,深证科技指数
sz.399344,1,深证300指数(收益)
sz.399348,1,深证300价值指数
sz.399351,1,国证深圳创新引擎100指数
sz.399353,1,国证物流指数
sz.399356,1,珠三角指数
sz.399358,1,泰达环保指数
sz.399360,1,国证新硬件产业指数
sz.399362,1,国证民企领先100指数
sz.399364,1,中金龙头消费
sz.399366,1,国证大宗商品
sz.399368,1,国证航天军工指数
sz.399370,1,国证成长指数
sz.399372,1,巨潮大盘成长指数
sz.399374,1,巨潮中盘成长指数
sz.399376,1,巨潮小盘成长指数
sz.399378,1,南方低碳指数
sz.399380,1,国证ETF指数
sz.399382,1,国证1000材料行业指数
sz.399384,1,国证1000可选消费行业指数
sz.399386,1,国证1000医药卫生行业指数
sz.399388,1,国证1000信息技术行业指数
sz.399390,1,国证1000公用事业行业指数
sz.399392,1,国证战略性新兴产业指数
sz.399394,1,国证医药卫生行业指数
sz.399396,1,国证食品饮料行业指数
sz.399398,1,国证绩效指数
sz.399400,1,巨潮大中盘指数
sz.399402,1,国证周期行业100指数
sz.399404,1,巨潮大盘低波动率指数
sz.399406,1,巨潮中盘低波动率指数
sz.399408,1,巨潮小盘低波动率指数
sz.399410,1,苏州率先指数
sz.399412,1,国证新能源指数
sz.399415,1,大数据100指数
sz.399417,1,国证新能源汽车指数
sz.399419,1,国证高铁指数
sz.399423,1,中关村50指数
sz.399428,1,国证定向增发指数
sz.399431,1,国证银行行业指数
sz.399433,1,国证交通运输行业指数
sz.399435,1,国证农牧渔产品行业指数
sz.399437,1,国证证券龙头指数
sz.399439,1,国证石油天然气行业指数
sz.399441,1,国证生物医药指数
sz.399550,1,央视财经50指数
sz.399552,1,央视财经50成长领先指数
sz.399554,1,央视财经50治理领先指数
sz.399556,1,央视生态产业指数
sz.399602,1,中小板300成长指数
sz.399606,1,创业板指数(收益)
sz.399610,1,深证电子信息传媒产业50指数
sz.399612,1,中小企业板创业板100指数
sz.399614,1,深证原材料行业指数
sz.399616,1,深证可选消费行业指数
sz.399618,1,深证医药卫生行业指数
sz.399620,1,深证信息技术行业指数
sz.399622,1,深证公用事业行业指数
sz.399624,1,中小企业板创业板400指数
sz.399626,1,中小板创业板成长指数
sz.399628,1,深证700成长指数
sz.399630,1,深证1000成长指数
sz.399632,1,深证100等权重指数
sz.399634,1,中小板等权重指数
sz.399636,1,深证装备指数
sz.399638,1,深证环保指数
sz.399640,1,创业板基础市场指数
sz.399642,1,中小板战略性新兴产业指数
sz.399644,1,深证色诺芬投资时钟指数
sz.399646,1,深证消费50指数
sz.399648,1,深证中经矢量GDP100指数
sz.399650,1,中小板治理指数
sz.399652,1,中创高新技术企业指数
sz.399654,1,深证文化产业指数
sz.399656,1,深证100绩效加权指数
sz.399658,1,中小板指绩效加权指数
sz.399660,1,中创100等权重指数
sz.399662,1,深证300高贝塔指数
sz.399664,1,中小300高贝塔指数
sz.399666,1,中创500高贝塔指数
sz.399668,1,创业板300价值指数
sz.399670,1,深证周期行业50指数
sz.399672,1,深证红利50加权指数
sz.399674,1,深A医药卫生指数
sz.399676,1,深A医药卫生等权指数
sz.399678,1,深证次新股指数
sz.399680,1,深成能源行业指数
sz.399682,1,深成工业行业指数
sz.399684,1,深成主要消费行业指数
sz.399686,1,深成金融地产行业指数
sz.399688,1,深成电信业务行业指数
sz.399701,1,深证基本面60指数
sz.399703,1,深证基本面200指数
sz.399705,1,深证中游产业指数
sz.399802,1,中证500深市指数
sz.399804,1,中证体育产业指数
sz.399806,1,中证环境治理指数
sz.399808,1,中证新能源指数
sz.399812,1,中证养老产业指数
sz.399814,1,中证大农业指数
sz.399903,1,中证100指数
sz.399905,1,中证500指数
sz.399914,1,沪深300金融地产指数
sz.399928,1,中证能源指数
sz.399933,1,中证医药卫生指数
sz.399935,1,中证信息技术指数
sz.399958,1,中证创业成长指数
sz.399965,1,中证800地产指数
sz.399967,1,中证军工指数
sz.399974,1,中证国有企业改革指数
sz.399990,1,中证煤炭等权指数
sz.399992,1,中证万得并购重组指数
sz.399994,1,中证信息安全主题指数
sz.399996,1,中证智能家居指数
sz.399998,1,中证煤炭指数
